Title,Price,Rating,Colors,Size,Gender,Timestamp
T-shirt 2,1634400,3.9,3,M,Women,2025-05-22T04:31:45.090783
Hoodie 3,7950080,4.8,3,L,Unisex,2025-05-22T04:31:45.090838
Pants 4,7476960,3.3,3,XL,Men,2025-05-22T04:31:45.090892
Outerwear 5,5145440,3.5,3,XXL,Women,2025-05-22T04:31:45.090947
Jacket 6,2453920,3.3,3,S,Unisex,2025-05-22T04:31:45.091001
Crewneck 7,6892000,4.3,3,M,Men,2025-05-22T04:31:45.091055
T-shirt 8,7802560,3.1,3,L,Women,2025-05-22T04:31:45.091107
Hoodie 9,3972160,3.2,3,XL,Unisex,2025-05-22T04:31:45.091160
Pants 10,3100160,4.2,3,XXL,Men,2025-05-22T04:31:45.091212
Jacket 12,8527840,3.9,3,M,Unisex,2025-05-22T04:31:45.091316
Crewneck 13,5447200,3.2,3,L,Men,2025-05-22T04:31:45.091367
T-shirt 14,3248800,3.8,3,XL,Women,2025-05-22T04:31:45.091419
Hoodie 15,2184160,3.6,3,XXL,Unisex,2025-05-22T04:31:45.091472
Outerwear 17,841600,3.8,3,M,Women,2025-05-22T04:31:45.091579
Jacket 18,5500000,3.8,3,L,Unisex,2025-05-22T04:31:45.091632
Crewneck 19,1308960,3.6,3,XL,Men,2025-05-22T04:31:45.091690
T-shirt 20,1325600,3.4,3,XXL,Women,2025-05-22T04:31:45.091742
Pants 22,4319680,4.9,3,M,Men,2025-05-22T04:31:45.202346
Outerwear 23,4655840,3.7,3,L,Women,2025-05-22T04:31:45.202409
Jacket 24,8223520,3.9,3,XL,Unisex,2025-05-22T04:31:45.202463
Crewneck 25,8322559,3.3,3,XXL,Men,2025-05-22T04:31:45.202516
T-shirt 26,7292320,4.6,3,S,Women,2025-05-22T04:31:45.202569
Hoodie 27,3551840,4.8,3,M,Unisex,2025-05-22T04:31:45.202622
Pants 28,5216160,4.0,3,L,Men,2025-05-22T04:31:45.202675
Outerwear 29,861600,3.1,3,XL,Women,2025-05-22T04:31:45.202729
Jacket 30,8610240,3.7,3,XXL,Unisex,2025-05-22T04:31:45.202781
T-shirt 32,6657920,3.4,3,M,Women,2025-05-22T04:31:45.202887
Hoodie 33,7248160,3.5,3,L,Unisex,2025-05-22T04:31:45.202939
Pants 34,8362719,3.8,3,XL,Men,2025-05-22T04:31:45.202992
Outerwear 35,1356160,3.8,3,XXL,Women,2025-05-22T04:31:45.203043
Jacket 36,7249280,3.7,3,S,Unisex,2025-05-22T04:31:45.203095
Crewneck 37,6006080,4.0,3,M,Men,2025-05-22T04:31:45.203146
T-shirt 38,4866080,3.2,3,L,Women,2025-05-22T04:31:45.203198
Hoodie 39,6431200,4.6,3,XL,Unisex,2025-05-22T04:31:45.203252
Pants 40,5853600,3.1,3,XXL,Men,2025-05-22T04:31:45.203305
Jacket 42,6744160,3.7,3,M,Unisex,2025-05-22T04:31:45.333399
Crewneck 43,2909600,4.5,3,L,Men,2025-05-22T04:31:45.333454
T-shirt 44,3312320,3.0,3,XL,Women,2025-05-22T04:31:45.333508
Hoodie 45,8693120,4.5,3,XXL,Unisex,2025-05-22T04:31:45.333561
Outerwear 47,6364640,3.2,3,M,Women,2025-05-22T04:31:45.333671
Jacket 48,4994720,3.4,3,L,Unisex,2025-05-22T04:31:45.333725
Crewneck 49,1071200,4.0,3,XL,Men,2025-05-22T04:31:45.333777
T-shirt 50,5932960,3.1,3,XXL,Women,2025-05-22T04:31:45.333829
Pants 52,1596480,4.0,3,M,Men,2025-05-22T04:31:45.333934
Outerwear 53,4470880,4.3,3,L,Women,2025-05-22T04:31:45.333986
Jacket 54,854560,4.2,3,XL,Unisex,2025-05-22T04:31:45.334038
Crewneck 55,1793760,3.6,3,XXL,Men,2025-05-22T04:31:45.334091
T-shirt 56,4643040,3.8,3,S,Women,2025-05-22T04:31:45.334143
Hoodie 57,3155360,4.9,3,M,Unisex,2025-05-22T04:31:45.334195
Pants 58,1637760,4.4,3,L,Men,2025-05-22T04:31:45.334246
Outerwear 59,2254240,4.6,3,XL,Women,2025-05-22T04:31:45.334298
Jacket 60,3375520,4.2,3,XXL,Unisex,2025-05-22T04:31:45.334350
T-shirt 62,1376480,3.8,3,M,Women,2025-05-22T04:31:45.496020
Hoodie 63,6479200,3.6,3,L,Unisex,2025-05-22T04:31:45.496079
Pants 64,7728480,4.0,3,XL,Men,2025-05-22T04:31:45.496134
Outerwear 65,2385920,4.1,3,XXL,Women,2025-05-22T04:31:45.496189
Jacket 66,4353120,3.5,3,S,Unisex,2025-05-22T04:31:45.496248
Crewneck 67,8470720,3.5,3,M,Men,2025-05-22T04:31:45.496301
T-shirt 68,8025280,4.0,3,L,Women,2025-05-22T04:31:45.496353
Hoodie 69,1027839,3.6,3,XL,Unisex,2025-05-22T04:31:45.496406
Pants 70,1171360,4.4,3,XXL,Men,2025-05-22T04:31:45.496458
Jacket 72,3776000,4.4,3,M,Unisex,2025-05-22T04:31:45.496567
Crewneck 73,2460320,3.0,3,L,Men,2025-05-22T04:31:45.496620
T-shirt 74,7704800,3.8,3,XL,Women,2025-05-22T04:31:45.496674
Hoodie 75,2101760,4.3,3,XXL,Unisex,2025-05-22T04:31:45.496726
Outerwear 77,861760,3.7,3,M,Women,2025-05-22T04:31:45.496837
Jacket 78,2716480,4.3,3,L,Unisex,2025-05-22T04:31:45.496890
Crewneck 79,3309600,4.6,3,XL,Men,2025-05-22T04:31:45.496942
T-shirt 80,4178399,4.5,3,XXL,Women,2025-05-22T04:31:45.496994
Pants 82,8315520,4.8,3,M,Men,2025-05-22T04:31:45.674673
Outerwear 83,3947840,3.7,3,L,Women,2025-05-22T04:31:45.674728
Jacket 84,2826080,4.8,3,XL,Unisex,2025-05-22T04:31:45.674781
Crewneck 85,4564160,3.5,3,XXL,Men,2025-05-22T04:31:45.674837
T-shirt 86,1670880,3.9,3,S,Women,2025-05-22T04:31:45.674897
Hoodie 87,7870240,4.3,3,M,Unisex,2025-05-22T04:31:45.674951
Pants 88,7590400,3.1,3,L,Men,2025-05-22T04:31:45.675002
Outerwear 89,4856320,3.0,3,XL,Women,2025-05-22T04:31:45.675056
Jacket 90,7160000,4.0,3,XXL,Unisex,2025-05-22T04:31:45.675109
T-shirt 92,5012320,3.5,3,M,Women,2025-05-22T04:31:45.675214
Hoodie 93,1365280,3.6,3,L,Unisex,2025-05-22T04:31:45.675267
Pants 94,1074880,4.3,3,XL,Men,2025-05-22T04:31:45.675321
Outerwear 95,6062240,3.5,3,XXL,Women,2025-05-22T04:31:45.675373
Jacket 96,4598240,4.9,3,S,Unisex,2025-05-22T04:31:45.675425
Crewneck 97,6113120,3.9,3,M,Men,2025-05-22T04:31:45.675477
T-shirt 98,8596960,3.1,3,L,Women,2025-05-22T04:31:45.675529
Hoodie 99,5028000,3.6,3,XL,Unisex,2025-05-22T04:31:45.675581
Pants 100,2217280,4.6,3,XXL,Men,2025-05-22T04:31:45.675633
Jacket 102,3840640,3.3,3,M,Unisex,2025-05-22T04:31:46.111177
Crewneck 103,2331680,3.5,3,L,Men,2025-05-22T04:31:46.111234
T-shirt 104,2374400,3.8,3,XL,Women,2025-05-22T04:31:46.111288
Hoodie 105,5019840,4.2,3,XXL,Unisex,2025-05-22T04:31:46.111342
Outerwear 107,6625120,4.0,3,M,Women,2025-05-22T04:31:46.111451
Jacket 108,5551680,4.8,3,L,Unisex,2025-05-22T04:31:46.111504
Crewneck 109,5886880,3.3,3,XL,Men,2025-05-22T04:31:46.111557
T-shirt 110,7197120,4.6,3,XXL,Women,2025-05-22T04:31:46.111611
Pants 112,4261920,3.3,3,M,Men,2025-05-22T04:31:46.111720
Outerwear 113,4472000,3.7,3,L,Women,2025-05-22T04:31:46.111774
Jacket 114,5386560,4.9,3,XL,Unisex,2025-05-22T04:31:46.111825
Crewneck 115,1933280,4.5,3,XXL,Men,2025-05-22T04:31:46.111880
T-shirt 116,3474560,3.0,3,S,Women,2025-05-22T04:31:46.111932
Hoodie 117,3376320,5.0,3,M,Unisex,2025-05-22T04:31:46.111984
Pants 118,5585440,3.2,3,L,Men,2025-05-22T04:31:46.112038
Outerwear 119,3561760,3.4,3,XL,Women,2025-05-22T04:31:46.112091
Jacket 120,7480320,4.0,3,XXL,Unisex,2025-05-22T04:31:46.112144
T-shirt 122,1961920,3.6,3,M,Women,2025-05-22T04:31:46.291960
Hoodie 123,4498080,3.8,3,L,Unisex,2025-05-22T04:31:46.292018
Pants 124,7023520,3.2,3,XL,Men,2025-05-22T04:31:46.292075
Outerwear 125,6998240,4.2,3,XXL,Women,2025-05-22T04:31:46.292128
Jacket 126,4426080,3.9,3,S,Unisex,2025-05-22T04:31:46.292182
Crewneck 127,8311680,4.0,3,M,Men,2025-05-22T04:31:46.292235
T-shirt 128,4466720,3.8,3,L,Women,2025-05-22T04:31:46.292288
Hoodie 129,2532480,4.5,3,XL,Unisex,2025-05-22T04:31:46.292341
Pants 130,6603520,4.8,3,XXL,Men,2025-05-22T04:31:46.292394
Jacket 132,6474880,4.2,3,M,Unisex,2025-05-22T04:31:46.292511
Crewneck 133,2016320,4.7,3,L,Men,2025-05-22T04:31:46.292563
T-shirt 134,5937440,3.2,3,XL,Women,2025-05-22T04:31:46.292615
Hoodie 135,5141440,4.7,3,XXL,Unisex,2025-05-22T04:31:46.292668
Outerwear 137,6988320,4.5,3,M,Women,2025-05-22T04:31:46.292777
Jacket 138,4635520,3.4,3,L,Unisex,2025-05-22T04:31:46.292830
Crewneck 139,8053120,4.5,3,XL,Men,2025-05-22T04:31:46.292883
T-shirt 140,6811040,3.5,3,XXL,Women,2025-05-22T04:31:46.292936
Pants 142,2325280,4.9,3,M,Men,2025-05-22T04:31:46.406996
Outerwear 143,3346560,4.9,3,L,Women,2025-05-22T04:31:46.407054
Jacket 144,5758240,4.3,3,XL,Unisex,2025-05-22T04:31:46.407111
Crewneck 145,3472800,4.8,3,XXL,Men,2025-05-22T04:31:46.407165
T-shirt 146,7688640,4.3,3,S,Women,2025-05-22T04:31:46.407219
Hoodie 147,3052800,5.0,3,M,Unisex,2025-05-22T04:31:46.407272
Pants 148,6033440,4.7,3,L,Men,2025-05-22T04:31:46.407327
Outerwear 149,3105920,3.2,3,XL,Women,2025-05-22T04:31:46.407381
Jacket 150,1500640,3.6,3,XXL,Unisex,2025-05-22T04:31:46.407435
T-shirt 152,6288640,4.2,3,M,Women,2025-05-22T04:31:46.407550
Hoodie 153,2660640,4.3,3,L,Unisex,2025-05-22T04:31:46.407603
Pants 154,2337440,3.0,3,XL,Men,2025-05-22T04:31:46.407658
Outerwear 155,3783200,4.1,3,XXL,Women,2025-05-22T04:31:46.407713
Jacket 156,6645120,3.6,3,S,Unisex,2025-05-22T04:31:46.407772
Crewneck 157,1105760,4.0,3,M,Men,2025-05-22T04:31:46.407826
T-shirt 158,7321120,4.0,3,L,Women,2025-05-22T04:31:46.407879
Hoodie 159,2371680,4.9,3,XL,Unisex,2025-05-22T04:31:46.407932
Pants 160,2802880,3.4,3,XXL,Men,2025-05-22T04:31:46.407985
Jacket 162,1543840,4.5,3,M,Unisex,2025-05-22T04:31:46.518711
Crewneck 163,7861920,4.4,3,L,Men,2025-05-22T04:31:46.518768
T-shirt 164,3512000,3.9,3,XL,Women,2025-05-22T04:31:46.518824
Hoodie 165,6921280,4.9,3,XXL,Unisex,2025-05-22T04:31:46.518880
Outerwear 167,3273760,3.1,3,M,Women,2025-05-22T04:31:46.518992
Jacket 168,870400,4.4,3,L,Unisex,2025-05-22T04:31:46.519048
Crewneck 169,8032800,4.7,3,XL,Men,2025-05-22T04:31:46.519103
T-shirt 170,6677920,4.5,3,XXL,Women,2025-05-22T04:31:46.519157
Pants 172,1566080,4.9,3,M,Men,2025-05-22T04:31:46.519264
Outerwear 173,7034560,4.6,3,L,Women,2025-05-22T04:31:46.519318
Jacket 174,6282240,3.3,3,XL,Unisex,2025-05-22T04:31:46.519372
Crewneck 175,8125120,4.5,3,XXL,Men,2025-05-22T04:31:46.519425
T-shirt 176,6104320,3.6,3,S,Women,2025-05-22T04:31:46.519478
Hoodie 177,1890400,4.6,3,M,Unisex,2025-05-22T04:31:46.519531
Pants 178,6184160,3.0,3,L,Men,2025-05-22T04:31:46.519584
Outerwear 179,5816640,3.5,3,XL,Women,2025-05-22T04:31:46.519638
Jacket 180,5552640,3.9,3,XXL,Unisex,2025-05-22T04:31:46.519691
T-shirt 182,2334880,3.8,3,M,Women,2025-05-22T04:31:46.608360
Hoodie 183,3904640,3.6,3,L,Unisex,2025-05-22T04:31:46.608417
Pants 184,7759520,4.5,3,XL,Men,2025-05-22T04:31:46.608473
Outerwear 185,7822880,3.2,3,XXL,Women,2025-05-22T04:31:46.608527
Jacket 186,6940480,4.2,3,S,Unisex,2025-05-22T04:31:46.608580
Crewneck 187,6663520,3.8,3,M,Men,2025-05-22T04:31:46.608633
T-shirt 188,3927840,4.4,3,L,Women,2025-05-22T04:31:46.608686
Hoodie 189,1946720,4.0,3,XL,Unisex,2025-05-22T04:31:46.608739
Pants 190,2220960,4.5,3,XXL,Men,2025-05-22T04:31:46.608792
Jacket 192,5066240,3.8,3,M,Unisex,2025-05-22T04:31:46.608899
Crewneck 193,7355680,4.1,3,L,Men,2025-05-22T04:31:46.608953
T-shirt 194,2818720,4.9,3,XL,Women,2025-05-22T04:31:46.609006
Hoodie 195,7208960,4.9,3,XXL,Unisex,2025-05-22T04:31:46.609058
Outerwear 197,5681600,4.9,3,M,Women,2025-05-22T04:31:46.609167
Jacket 198,5435040,4.5,3,L,Unisex,2025-05-22T04:31:46.609220
Crewneck 199,6744320,3.1,3,XL,Men,2025-05-22T04:31:46.609273
T-shirt 200,6289920,3.5,3,XXL,Women,2025-05-22T04:31:46.609325
Pants 202,5592480,3.3,3,M,Men,2025-05-22T04:31:46.712662
Outerwear 203,2144000,3.4,3,L,Women,2025-05-22T04:31:46.712719
Jacket 204,6031040,3.9,3,XL,Unisex,2025-05-22T04:31:46.712773
Crewneck 205,6434880,3.2,3,XXL,Men,2025-05-22T04:31:46.712828
T-shirt 206,4674720,4.5,3,S,Women,2025-05-22T04:31:46.712882
Hoodie 207,6101440,3.5,3,M,Unisex,2025-05-22T04:31:46.712936
Pants 208,4637600,3.1,3,L,Men,2025-05-22T04:31:46.712989
Outerwear 209,7980640,4.3,3,XL,Women,2025-05-22T04:31:46.713042
Jacket 210,7827360,4.7,3,XXL,Unisex,2025-05-22T04:31:46.713094
T-shirt 212,8794880,4.7,3,M,Women,2025-05-22T04:31:46.713201
Hoodie 213,5748000,3.6,3,L,Unisex,2025-05-22T04:31:46.713253
Pants 214,4315680,4.9,3,XL,Men,2025-05-22T04:31:46.713305
Outerwear 215,1449600,3.8,3,XXL,Women,2025-05-22T04:31:46.713358
Jacket 216,4576480,4.6,3,S,Unisex,2025-05-22T04:31:46.713410
Crewneck 217,5772960,4.8,3,M,Men,2025-05-22T04:31:46.713463
T-shirt 218,5600320,3.1,3,L,Women,2025-05-22T04:31:46.713515
Hoodie 219,5671040,4.6,3,XL,Unisex,2025-05-22T04:31:46.713568
Pants 220,3357600,3.2,3,XXL,Men,2025-05-22T04:31:46.713635
Jacket 222,7438080,3.4,3,M,Unisex,2025-05-22T04:31:46.804060
Crewneck 223,952960,4.8,3,L,Men,2025-05-22T04:31:46.804115
T-shirt 224,3534560,4.5,3,XL,Women,2025-05-22T04:31:46.804169
Hoodie 225,5232800,3.5,3,XXL,Unisex,2025-05-22T04:31:46.804224
Outerwear 227,6742560,4.8,3,M,Women,2025-05-22T04:31:46.804338
Jacket 228,8076800,4.5,3,L,Unisex,2025-05-22T04:31:46.804393
Crewneck 229,3101920,4.9,3,XL,Men,2025-05-22T04:31:46.804457
T-shirt 230,7133280,4.5,3,XXL,Women,2025-05-22T04:31:46.804522
Pants 232,8327360,4.0,3,M,Men,2025-05-22T04:31:46.804638
Outerwear 233,847360,4.8,3,L,Women,2025-05-22T04:31:46.804692
Jacket 234,1159200,4.5,3,XL,Unisex,2025-05-22T04:31:46.804747
Crewneck 235,6560320,3.4,3,XXL,Men,2025-05-22T04:31:46.804800
T-shirt 236,5492320,3.9,3,S,Women,2025-05-22T04:31:46.804854
Hoodie 237,4743520,3.1,3,M,Unisex,2025-05-22T04:31:46.804906
Pants 238,8301920,3.8,3,L,Men,2025-05-22T04:31:46.804958
Outerwear 239,7934080,3.1,3,XL,Women,2025-05-22T04:31:46.805011
Jacket 240,7600000,3.8,3,XXL,Unisex,2025-05-22T04:31:46.805063
T-shirt 242,4833600,3.4,3,M,Women,2025-05-22T04:31:46.927843
Hoodie 243,3371680,3.1,3,L,Unisex,2025-05-22T04:31:46.927899
Pants 244,8116160,3.1,3,XL,Men,2025-05-22T04:31:46.927954
Outerwear 245,1451680,4.0,3,XXL,Women,2025-05-22T04:31:46.928009
Jacket 246,8735040,3.1,3,S,Unisex,2025-05-22T04:31:46.928064
Crewneck 247,8769120,3.0,3,M,Men,2025-05-22T04:31:46.928118
T-shirt 248,2280000,4.5,3,L,Women,2025-05-22T04:31:46.928172
Hoodie 249,2149440,4.2,3,XL,Unisex,2025-05-22T04:31:46.928227
Pants 250,4314240,3.1,3,XXL,Men,2025-05-22T04:31:46.928283
Jacket 252,8408480,3.2,3,M,Unisex,2025-05-22T04:31:46.928389
Crewneck 253,1854720,3.9,3,L,Men,2025-05-22T04:31:46.928441
T-shirt 254,5984160,3.9,3,XL,Women,2025-05-22T04:31:46.928495
Hoodie 255,3668000,4.1,3,XXL,Unisex,2025-05-22T04:31:46.928549
Outerwear 257,7073120,5.0,3,M,Women,2025-05-22T04:31:46.928660
Jacket 258,2080639,4.7,3,L,Unisex,2025-05-22T04:31:46.928713
Crewneck 259,2275520,3.3,3,XL,Men,2025-05-22T04:31:46.928766
T-shirt 260,6271520,3.5,3,XXL,Women,2025-05-22T04:31:46.928819
Pants 262,1097760,3.4,3,M,Men,2025-05-22T04:31:47.005482
Outerwear 263,1878400,4.2,3,L,Women,2025-05-22T04:31:47.005544
Jacket 264,2063040,4.8,3,XL,Unisex,2025-05-22T04:31:47.005601
Crewneck 265,2483040,3.5,3,XXL,Men,2025-05-22T04:31:47.005657
T-shirt 266,4842080,4.6,3,S,Women,2025-05-22T04:31:47.005742
Hoodie 267,4086240,4.3,3,M,Unisex,2025-05-22T04:31:47.005803
Pants 268,5005120,3.6,3,L,Men,2025-05-22T04:31:47.005890
Outerwear 269,8073920,3.1,3,XL,Women,2025-05-22T04:31:47.005946
Jacket 270,2569120,4.2,3,XXL,Unisex,2025-05-22T04:31:47.006035
T-shirt 272,5811840,3.3,3,M,Women,2025-05-22T04:31:47.006167
Hoodie 273,5291360,4.9,3,L,Unisex,2025-05-22T04:31:47.006251
Pants 274,3669280,4.2,3,XL,Men,2025-05-22T04:31:47.006312
Outerwear 275,5575360,4.8,3,XXL,Women,2025-05-22T04:31:47.006395
Jacket 276,1013600,4.3,3,S,Unisex,2025-05-22T04:31:47.006470
Crewneck 277,2383680,4.7,3,M,Men,2025-05-22T04:31:47.006560
T-shirt 278,2087360,3.8,3,L,Women,2025-05-22T04:31:47.006627
Hoodie 279,5592320,4.7,3,XL,Unisex,2025-05-22T04:31:47.006709
Pants 280,7501440,3.9,3,XXL,Men,2025-05-22T04:31:47.006764
Jacket 282,2227040,3.0,3,M,Unisex,2025-05-22T04:31:47.093299
Crewneck 283,6633120,3.2,3,L,Men,2025-05-22T04:31:47.093367
T-shirt 284,6568000,3.6,3,XL,Women,2025-05-22T04:31:47.093445
Hoodie 285,3009120,3.2,3,XXL,Unisex,2025-05-22T04:31:47.093517
Outerwear 287,5273600,3.7,3,M,Women,2025-05-22T04:31:47.093644
Jacket 288,3123040,4.1,3,L,Unisex,2025-05-22T04:31:47.093699
Crewneck 289,888000,4.0,3,XL,Men,2025-05-22T04:31:47.093755
T-shirt 290,6425120,4.2,3,XXL,Women,2025-05-22T04:31:47.093809
Pants 292,2384480,3.9,3,M,Men,2025-05-22T04:31:47.093919
Outerwear 293,1176160,4.5,3,L,Women,2025-05-22T04:31:47.093973
Jacket 294,5947200,3.8,3,XL,Unisex,2025-05-22T04:31:47.094044
Crewneck 295,7266720,4.9,3,XXL,Men,2025-05-22T04:31:47.094100
T-shirt 296,1172160,3.1,3,S,Women,2025-05-22T04:31:47.094160
Hoodie 297,7801120,3.6,3,M,Unisex,2025-05-22T04:31:47.094221
Pants 298,2426080,4.8,3,L,Men,2025-05-22T04:31:47.094280
Outerwear 299,1947840,4.3,3,XL,Women,2025-05-22T04:31:47.094335
Jacket 300,6408480,4.0,3,XXL,Unisex,2025-05-22T04:31:47.094390
T-shirt 302,5711200,3.2,3,M,Women,2025-05-22T04:31:47.204111
Hoodie 303,7974560,4.1,3,L,Unisex,2025-05-22T04:31:47.204170
Pants 304,7129760,3.4,3,XL,Men,2025-05-22T04:31:47.204228
Outerwear 305,6325440,4.5,3,XXL,Women,2025-05-22T04:31:47.204285
Jacket 306,7575040,4.2,3,S,Unisex,2025-05-22T04:31:47.204341
Crewneck 307,7735200,3.7,3,M,Men,2025-05-22T04:31:47.204396
T-shirt 308,4086080,4.1,3,L,Women,2025-05-22T04:31:47.204484
Hoodie 309,3953120,4.8,3,XL,Unisex,2025-05-22T04:31:47.204547
Pants 310,6329280,4.7,3,XXL,Men,2025-05-22T04:31:47.204604
Jacket 312,7267040,3.8,3,M,Unisex,2025-05-22T04:31:47.204718
Crewneck 313,1948320,3.1,3,L,Men,2025-05-22T04:31:47.204774
T-shirt 314,6017120,3.2,3,XL,Women,2025-05-22T04:31:47.204829
Hoodie 315,7022880,3.1,3,XXL,Unisex,2025-05-22T04:31:47.204887
Outerwear 317,5259040,3.3,3,M,Women,2025-05-22T04:31:47.205021
Jacket 318,5667200,3.7,3,L,Unisex,2025-05-22T04:31:47.205078
Crewneck 319,3085920,3.3,3,XL,Men,2025-05-22T04:31:47.205131
T-shirt 320,829440,3.3,3,XXL,Women,2025-05-22T04:31:47.205190
Pants 322,7810400,3.2,3,M,Men,2025-05-22T04:31:47.282126
Outerwear 323,8468000,3.1,3,L,Women,2025-05-22T04:31:47.282185
Jacket 324,6082720,3.3,3,XL,Unisex,2025-05-22T04:31:47.282241
Crewneck 325,3001760,3.4,3,XXL,Men,2025-05-22T04:31:47.282302
T-shirt 326,4519360,4.9,3,S,Women,2025-05-22T04:31:47.282357
Hoodie 327,6641440,4.4,3,M,Unisex,2025-05-22T04:31:47.282412
Pants 328,5732960,4.5,3,L,Men,2025-05-22T04:31:47.282467
Outerwear 329,6724160,4.7,3,XL,Women,2025-05-22T04:31:47.282521
Jacket 330,1591200,4.3,3,XXL,Unisex,2025-05-22T04:31:47.282575
T-shirt 332,2335680,3.4,3,M,Women,2025-05-22T04:31:47.282685
Hoodie 333,1746080,4.8,3,L,Unisex,2025-05-22T04:31:47.282742
Pants 334,2409440,3.8,3,XL,Men,2025-05-22T04:31:47.282798
Outerwear 335,2826720,3.0,3,XXL,Women,2025-05-22T04:31:47.282855
Jacket 336,6237760,5.0,3,S,Unisex,2025-05-22T04:31:47.282911
Crewneck 337,8608800,4.3,3,M,Men,2025-05-22T04:31:47.282966
T-shirt 338,2883360,3.9,3,L,Women,2025-05-22T04:31:47.283020
Hoodie 339,4424800,4.9,3,XL,Unisex,2025-05-22T04:31:47.283075
Pants 340,5975200,4.3,3,XXL,Men,2025-05-22T04:31:47.283129
Jacket 342,1827680,4.8,3,M,Unisex,2025-05-22T04:31:47.376165
Crewneck 343,2279040,4.1,3,L,Men,2025-05-22T04:31:47.376221
T-shirt 344,3415680,4.5,3,XL,Women,2025-05-22T04:31:47.376278
Hoodie 345,7577440,3.3,3,XXL,Unisex,2025-05-22T04:31:47.376332
Outerwear 347,6986080,4.7,3,M,Women,2025-05-22T04:31:47.376444
Jacket 348,3195040,4.6,3,L,Unisex,2025-05-22T04:31:47.376497
Crewneck 349,6085600,3.5,3,XL,Men,2025-05-22T04:31:47.376550
T-shirt 350,8047680,5.0,3,XXL,Women,2025-05-22T04:31:47.376603
Pants 352,2838880,4.0,3,M,Men,2025-05-22T04:31:47.376709
Outerwear 353,961600,3.6,3,L,Women,2025-05-22T04:31:47.376762
Jacket 354,2294720,3.8,3,XL,Unisex,2025-05-22T04:31:47.376816
Crewneck 355,4246560,3.2,3,XXL,Men,2025-05-22T04:31:47.376869
T-shirt 356,7150080,4.3,3,S,Women,2025-05-22T04:31:47.376922
Hoodie 357,3739360,3.6,3,M,Unisex,2025-05-22T04:31:47.376976
Pants 358,8479520,3.9,3,L,Men,2025-05-22T04:31:47.377029
Outerwear 359,1696480,4.3,3,XL,Women,2025-05-22T04:31:47.377082
Jacket 360,8788320,4.8,3,XXL,Unisex,2025-05-22T04:31:47.377135
T-shirt 362,4776800,5.0,3,M,Women,2025-05-22T04:31:47.467767
Hoodie 363,1171360,3.2,3,L,Unisex,2025-05-22T04:31:47.467829
Pants 364,4972800,4.8,3,XL,Men,2025-05-22T04:31:47.467886
Outerwear 365,6956480,4.5,3,XXL,Women,2025-05-22T04:31:47.467941
Jacket 366,5854880,4.9,3,S,Unisex,2025-05-22T04:31:47.467996
Crewneck 367,8359360,4.9,3,M,Men,2025-05-22T04:31:47.468051
T-shirt 368,965120,3.2,3,L,Women,2025-05-22T04:31:47.468105
Hoodie 369,7204960,4.7,3,XL,Unisex,2025-05-22T04:31:47.468159
Pants 370,4559680,3.6,3,XXL,Men,2025-05-22T04:31:47.468214
Jacket 372,5052960,3.6,3,M,Unisex,2025-05-22T04:31:47.468320
Crewneck 373,2231040,3.6,3,L,Men,2025-05-22T04:31:47.468374
T-shirt 374,7697120,3.9,3,XL,Women,2025-05-22T04:31:47.468428
Hoodie 375,7027520,3.9,3,XXL,Unisex,2025-05-22T04:31:47.468482
Outerwear 377,6802080,4.8,3,M,Women,2025-05-22T04:31:47.468592
Jacket 378,3402400,3.6,3,L,Unisex,2025-05-22T04:31:47.468645
Crewneck 379,3963200,4.4,3,XL,Men,2025-05-22T04:31:47.468699
T-shirt 380,2547040,3.8,3,XXL,Women,2025-05-22T04:31:47.468753
Pants 382,1356160,4.4,3,M,Men,2025-05-22T04:31:47.554265
Outerwear 383,3431040,3.4,3,L,Women,2025-05-22T04:31:47.554323
Jacket 384,1452960,3.3,3,XL,Unisex,2025-05-22T04:31:47.554383
Crewneck 385,7950720,4.9,3,XXL,Men,2025-05-22T04:31:47.554441
T-shirt 386,4793600,4.6,3,S,Women,2025-05-22T04:31:47.554497
Hoodie 387,8418080,4.2,3,M,Unisex,2025-05-22T04:31:47.554551
Pants 388,931200,3.1,3,L,Men,2025-05-22T04:31:47.554608
Outerwear 389,2883200,5.0,3,XL,Women,2025-05-22T04:31:47.554663
Jacket 390,5432960,3.3,3,XXL,Unisex,2025-05-22T04:31:47.554715
T-shirt 392,1226080,4.4,3,M,Women,2025-05-22T04:31:47.554821
Hoodie 393,4068480,3.2,3,L,Unisex,2025-05-22T04:31:47.554874
Pants 394,3540000,3.3,3,XL,Men,2025-05-22T04:31:47.554927
Outerwear 395,3098720,4.0,3,XXL,Women,2025-05-22T04:31:47.554981
Jacket 396,2505280,3.9,3,S,Unisex,2025-05-22T04:31:47.555035
Crewneck 397,855360,3.6,3,M,Men,2025-05-22T04:31:47.555090
T-shirt 398,4592800,4.7,3,L,Women,2025-05-22T04:31:47.555145
Hoodie 399,2523520,3.6,3,XL,Unisex,2025-05-22T04:31:47.555198
Pants 400,6020640,4.7,3,XXL,Men,2025-05-22T04:31:47.555251
Jacket 402,2029120,4.6,3,M,Unisex,2025-05-22T04:31:47.639597
Crewneck 403,1580320,4.1,3,L,Men,2025-05-22T04:31:47.639656
T-shirt 404,3501120,4.9,3,XL,Women,2025-05-22T04:31:47.639712
Hoodie 405,5080160,3.8,3,XXL,Unisex,2025-05-22T04:31:47.639765
Outerwear 407,2761280,3.7,3,M,Women,2025-05-22T04:31:47.639882
Jacket 408,4176000,4.9,3,L,Unisex,2025-05-22T04:31:47.639936
Crewneck 409,3221760,3.5,3,XL,Men,2025-05-22T04:31:47.639990
T-shirt 410,1586720,3.1,3,XXL,Women,2025-05-22T04:31:47.640043
Pants 412,5438240,4.4,3,M,Men,2025-05-22T04:31:47.640151
Outerwear 413,1306400,3.4,3,L,Women,2025-05-22T04:31:47.640204
Jacket 414,2234720,3.7,3,XL,Unisex,2025-05-22T04:31:47.640258
Crewneck 415,3617440,3.1,3,XXL,Men,2025-05-22T04:31:47.640311
T-shirt 416,4454080,3.1,3,S,Women,2025-05-22T04:31:47.640364
Hoodie 417,2769440,4.6,3,M,Unisex,2025-05-22T04:31:47.640417
Pants 418,6307840,5.0,3,L,Men,2025-05-22T04:31:47.640469
Outerwear 419,7004000,5.0,3,XL,Women,2025-05-22T04:31:47.640522
Jacket 420,2472640,3.1,3,XXL,Unisex,2025-05-22T04:31:47.640575
T-shirt 422,924320,3.9,3,M,Women,2025-05-22T04:31:47.746591
Hoodie 423,4601760,3.7,3,L,Unisex,2025-05-22T04:31:47.746650
Pants 424,3865760,4.4,3,XL,Men,2025-05-22T04:31:47.746706
Outerwear 425,2528480,4.8,3,XXL,Women,2025-05-22T04:31:47.746763
Jacket 426,3462400,3.4,3,S,Unisex,2025-05-22T04:31:47.746817
Crewneck 427,6375200,3.3,3,M,Men,2025-05-22T04:31:47.746872
T-shirt 428,7053120,4.9,3,L,Women,2025-05-22T04:31:47.746927
Hoodie 429,1658560,4.9,3,XL,Unisex,2025-05-22T04:31:47.746980
Pants 430,1442080,3.9,3,XXL,Men,2025-05-22T04:31:47.747035
Jacket 432,2151840,4.5,3,M,Unisex,2025-05-22T04:31:47.747143
Crewneck 433,3872480,4.2,3,L,Men,2025-05-22T04:31:47.747197
T-shirt 434,6557120,4.9,3,XL,Women,2025-05-22T04:31:47.747250
Hoodie 435,1015680,4.0,3,XXL,Unisex,2025-05-22T04:31:47.747304
Outerwear 437,1016800,3.9,3,M,Women,2025-05-22T04:31:47.747421
Jacket 438,2453120,4.5,3,L,Unisex,2025-05-22T04:31:47.747476
Crewneck 439,4005440,3.2,3,XL,Men,2025-05-22T04:31:47.747531
T-shirt 440,5326080,3.0,3,XXL,Women,2025-05-22T04:31:47.747585
Pants 442,4701600,4.3,3,M,Men,2025-05-22T04:31:47.858794
Outerwear 443,7262720,4.2,3,L,Women,2025-05-22T04:31:47.858851
Jacket 444,4016960,3.3,3,XL,Unisex,2025-05-22T04:31:47.858906
Crewneck 445,3574240,4.5,3,XXL,Men,2025-05-22T04:31:47.858961
T-shirt 446,7740160,3.2,3,S,Women,2025-05-22T04:31:47.859014
Hoodie 447,4748640,4.0,3,M,Unisex,2025-05-22T04:31:47.859068
Pants 448,820160,4.4,3,L,Men,2025-05-22T04:31:47.859124
Outerwear 449,6410080,4.0,3,XL,Women,2025-05-22T04:31:47.859180
Jacket 450,8754880,3.1,3,XXL,Unisex,2025-05-22T04:31:47.859238
T-shirt 452,6892800,4.4,3,M,Women,2025-05-22T04:31:47.859347
Hoodie 453,6576960,4.2,3,L,Unisex,2025-05-22T04:31:47.859402
Pants 454,2179520,5.0,3,XL,Men,2025-05-22T04:31:47.859455
Outerwear 455,1094080,4.8,3,XXL,Women,2025-05-22T04:31:47.859508
Jacket 456,8096000,4.1,3,S,Unisex,2025-05-22T04:31:47.859561
Crewneck 457,7342880,4.8,3,M,Men,2025-05-22T04:31:47.859615
T-shirt 458,4240000,4.4,3,L,Women,2025-05-22T04:31:47.859669
Hoodie 459,3237280,3.5,3,XL,Unisex,2025-05-22T04:31:47.859721
Pants 460,1880800,3.6,3,XXL,Men,2025-05-22T04:31:47.859773
Jacket 462,6767840,4.5,3,M,Unisex,2025-05-22T04:31:47.949227
Crewneck 463,7539520,4.5,3,L,Men,2025-05-22T04:31:47.949285
T-shirt 464,6070080,4.5,3,XL,Women,2025-05-22T04:31:47.949342
Hoodie 465,6164320,4.7,3,XXL,Unisex,2025-05-22T04:31:47.949398
Outerwear 467,1325920,3.5,3,M,Women,2025-05-22T04:31:47.949510
Jacket 468,4584960,3.7,3,L,Unisex,2025-05-22T04:31:47.949566
Crewneck 469,1738880,4.2,3,XL,Men,2025-05-22T04:31:47.949622
T-shirt 470,7738880,3.1,3,XXL,Women,2025-05-22T04:31:47.949677
Pants 472,3902080,3.1,3,M,Men,2025-05-22T04:31:47.949784
Outerwear 473,5478080,4.2,3,L,Women,2025-05-22T04:31:47.949837
Jacket 474,5864960,4.7,3,XL,Unisex,2025-05-22T04:31:47.949892
Crewneck 475,7017280,4.6,3,XXL,Men,2025-05-22T04:31:47.949946
T-shirt 476,3986240,4.3,3,S,Women,2025-05-22T04:31:47.950000
Hoodie 477,6626080,4.2,3,M,Unisex,2025-05-22T04:31:47.950054
Pants 478,4912000,3.8,3,L,Men,2025-05-22T04:31:47.950108
Outerwear 479,7302400,4.4,3,XL,Women,2025-05-22T04:31:47.950161
Jacket 480,4986240,4.2,3,XXL,Unisex,2025-05-22T04:31:47.950214
T-shirt 482,3352480,4.8,3,M,Women,2025-05-22T04:31:48.034587
Hoodie 483,4035040,4.2,3,L,Unisex,2025-05-22T04:31:48.034645
Pants 484,6428640,4.1,3,XL,Men,2025-05-22T04:31:48.034703
Outerwear 485,4044480,4.7,3,XXL,Women,2025-05-22T04:31:48.034759
Jacket 486,2573760,3.0,3,S,Unisex,2025-05-22T04:31:48.034814
Crewneck 487,6955520,3.7,3,M,Men,2025-05-22T04:31:48.034869
T-shirt 488,8789760,3.8,3,L,Women,2025-05-22T04:31:48.034923
Hoodie 489,3554560,5.0,3,XL,Unisex,2025-05-22T04:31:48.034977
Pants 490,7081600,3.1,3,XXL,Men,2025-05-22T04:31:48.035030
Jacket 492,6011840,3.0,3,M,Unisex,2025-05-22T04:31:48.035138
Crewneck 493,5071520,4.8,3,L,Men,2025-05-22T04:31:48.035191
T-shirt 494,1390080,3.4,3,XL,Women,2025-05-22T04:31:48.035244
Hoodie 495,1663200,4.5,3,XXL,Unisex,2025-05-22T04:31:48.035298
Outerwear 497,3957760,4.4,3,M,Women,2025-05-22T04:31:48.035408
Jacket 498,4412800,4.6,3,L,Unisex,2025-05-22T04:31:48.035462
Crewneck 499,7825920,4.1,3,XL,Men,2025-05-22T04:31:48.035515
T-shirt 500,8114400,4.2,3,XXL,Women,2025-05-22T04:31:48.035568
Pants 502,7132480,4.4,3,M,Men,2025-05-22T04:31:48.156132
Outerwear 503,4924480,4.8,3,L,Women,2025-05-22T04:31:48.156189
Jacket 504,8024480,5.0,3,XL,Unisex,2025-05-22T04:31:48.156244
Crewneck 505,8747680,4.3,3,XXL,Men,2025-05-22T04:31:48.156298
T-shirt 506,8572000,3.6,3,S,Women,2025-05-22T04:31:48.156351
Hoodie 507,6844000,4.7,3,M,Unisex,2025-05-22T04:31:48.156405
Pants 508,7766080,3.5,3,L,Men,2025-05-22T04:31:48.156458
Outerwear 509,7178400,3.1,3,XL,Women,2025-05-22T04:31:48.156511
Jacket 510,1562080,3.4,3,XXL,Unisex,2025-05-22T04:31:48.156584
T-shirt 512,4319680,3.7,3,M,Women,2025-05-22T04:31:48.156723
Hoodie 513,1693760,4.4,3,L,Unisex,2025-05-22T04:31:48.156777
Pants 514,6888960,3.9,3,XL,Men,2025-05-22T04:31:48.156830
Outerwear 515,7262560,3.1,3,XXL,Women,2025-05-22T04:31:48.156883
Jacket 516,7130720,3.4,3,S,Unisex,2025-05-22T04:31:48.156936
Crewneck 517,1069280,3.5,3,M,Men,2025-05-22T04:31:48.156989
T-shirt 518,2575680,4.1,3,L,Women,2025-05-22T04:31:48.157046
Hoodie 519,2236160,4.5,3,XL,Unisex,2025-05-22T04:31:48.157110
Pants 520,2308320,3.8,3,XXL,Men,2025-05-22T04:31:48.157166
Jacket 522,6292960,4.0,3,M,Unisex,2025-05-22T04:31:48.262502
Crewneck 523,3626720,4.6,3,L,Men,2025-05-22T04:31:48.262559
T-shirt 524,936000,3.8,3,XL,Women,2025-05-22T04:31:48.262616
Hoodie 525,7919040,3.6,3,XXL,Unisex,2025-05-22T04:31:48.262671
Outerwear 527,4669280,3.6,3,M,Women,2025-05-22T04:31:48.262782
Jacket 528,5595840,4.0,3,L,Unisex,2025-05-22T04:31:48.262836
Crewneck 529,1420160,3.2,3,XL,Men,2025-05-22T04:31:48.262889
T-shirt 530,6173760,3.3,3,XXL,Women,2025-05-22T04:31:48.262943
Pants 532,8391200,4.1,3,M,Men,2025-05-22T04:31:48.263050
Outerwear 533,3370240,4.2,3,L,Women,2025-05-22T04:31:48.263102
Jacket 534,3479200,3.7,3,XL,Unisex,2025-05-22T04:31:48.263155
Crewneck 535,3901280,3.7,3,XXL,Men,2025-05-22T04:31:48.263208
T-shirt 536,5092480,3.0,3,S,Women,2025-05-22T04:31:48.263262
Hoodie 537,8671840,3.1,3,M,Unisex,2025-05-22T04:31:48.263315
Pants 538,6134240,3.4,3,L,Men,2025-05-22T04:31:48.263368
Outerwear 539,4692640,4.7,3,XL,Women,2025-05-22T04:31:48.263421
Jacket 540,7051840,4.4,3,XXL,Unisex,2025-05-22T04:31:48.263472
T-shirt 542,4761440,3.5,3,M,Women,2025-05-22T04:31:48.353468
Hoodie 543,8715680,4.7,3,L,Unisex,2025-05-22T04:31:48.353527
Pants 544,5957760,3.1,3,XL,Men,2025-05-22T04:31:48.353582
Outerwear 545,3579360,4.0,3,XXL,Women,2025-05-22T04:31:48.353637
Jacket 546,6271520,3.3,3,S,Unisex,2025-05-22T04:31:48.353698
Crewneck 547,5361120,3.9,3,M,Men,2025-05-22T04:31:48.353752
T-shirt 548,2686240,4.6,3,L,Women,2025-05-22T04:31:48.353806
Hoodie 549,2687200,3.7,3,XL,Unisex,2025-05-22T04:31:48.353859
Pants 550,4450080,4.9,3,XXL,Men,2025-05-22T04:31:48.353913
Jacket 552,5380320,4.1,3,M,Unisex,2025-05-22T04:31:48.354022
Crewneck 553,7760800,3.8,3,L,Men,2025-05-22T04:31:48.354076
T-shirt 554,4001120,4.5,3,XL,Women,2025-05-22T04:31:48.354130
Hoodie 555,1809600,3.0,3,XXL,Unisex,2025-05-22T04:31:48.354183
Outerwear 557,5460480,3.4,3,M,Women,2025-05-22T04:31:48.354292
Jacket 558,5007040,4.0,3,L,Unisex,2025-05-22T04:31:48.354345
Crewneck 559,1590880,3.5,3,XL,Men,2025-05-22T04:31:48.354398
T-shirt 560,6885280,4.2,3,XXL,Women,2025-05-22T04:31:48.354451
Pants 562,3724160,4.5,3,M,Men,2025-05-22T04:31:48.432859
Outerwear 563,8197440,4.7,3,L,Women,2025-05-22T04:31:48.432917
Jacket 564,8319200,4.3,3,XL,Unisex,2025-05-22T04:31:48.432973
Crewneck 565,7635200,3.5,3,XXL,Men,2025-05-22T04:31:48.433030
T-shirt 566,2611360,4.6,3,S,Women,2025-05-22T04:31:48.433085
Hoodie 567,4576160,3.2,3,M,Unisex,2025-05-22T04:31:48.433140
Pants 568,2984160,3.3,3,L,Men,2025-05-22T04:31:48.433196
Outerwear 569,4966880,4.7,3,XL,Women,2025-05-22T04:31:48.433251
Jacket 570,4000960,3.9,3,XXL,Unisex,2025-05-22T04:31:48.433305
T-shirt 572,4756320,3.2,3,M,Women,2025-05-22T04:31:48.433413
Hoodie 573,6954080,4.5,3,L,Unisex,2025-05-22T04:31:48.433467
Pants 574,2424000,3.8,3,XL,Men,2025-05-22T04:31:48.433521
Outerwear 575,3517760,3.4,3,XXL,Women,2025-05-22T04:31:48.433574
Jacket 576,805600,3.5,3,S,Unisex,2025-05-22T04:31:48.433627
Crewneck 577,7873920,3.3,3,M,Men,2025-05-22T04:31:48.433680
T-shirt 578,7958880,4.1,3,L,Women,2025-05-22T04:31:48.433733
Hoodie 579,4428640,4.4,3,XL,Unisex,2025-05-22T04:31:48.433787
Pants 580,2625440,3.3,3,XXL,Men,2025-05-22T04:31:48.433839
Jacket 582,4112160,4.1,3,M,Unisex,2025-05-22T04:31:48.535978
Crewneck 583,5737760,4.5,3,L,Men,2025-05-22T04:31:48.536035
T-shirt 584,6964960,4.8,3,XL,Women,2025-05-22T04:31:48.536090
Hoodie 585,6186880,4.9,3,XXL,Unisex,2025-05-22T04:31:48.536257
Outerwear 587,4424960,4.4,3,M,Women,2025-05-22T04:31:48.536373
Jacket 588,4963040,4.7,3,L,Unisex,2025-05-22T04:31:48.536426
Crewneck 589,931840,4.7,3,XL,Men,2025-05-22T04:31:48.536480
T-shirt 590,6457120,3.9,3,XXL,Women,2025-05-22T04:31:48.536533
Pants 592,6805440,4.3,3,M,Men,2025-05-22T04:31:48.536653
Outerwear 593,7163840,3.9,3,L,Women,2025-05-22T04:31:48.536706
Jacket 594,8707680,4.2,3,XL,Unisex,2025-05-22T04:31:48.536761
Crewneck 595,3723840,3.5,3,XXL,Men,2025-05-22T04:31:48.536816
T-shirt 596,8290400,4.4,3,S,Women,2025-05-22T04:31:48.536870
Hoodie 597,7969440,3.3,3,M,Unisex,2025-05-22T04:31:48.536923
Pants 598,4714080,4.1,3,L,Men,2025-05-22T04:31:48.536976
Outerwear 599,1179040,3.3,3,XL,Women,2025-05-22T04:31:48.537029
Jacket 600,6414080,3.0,3,XXL,Unisex,2025-05-22T04:31:48.537082
T-shirt 602,2260960,4.4,3,M,Women,2025-05-22T04:31:48.618224
Hoodie 603,7511520,3.1,3,L,Unisex,2025-05-22T04:31:48.618285
Pants 604,7662240,4.3,3,XL,Men,2025-05-22T04:31:48.618343
Outerwear 605,1710720,3.7,3,XXL,Women,2025-05-22T04:31:48.618400
Jacket 606,5770720,4.6,3,S,Unisex,2025-05-22T04:31:48.618455
Crewneck 607,3857600,3.1,3,M,Men,2025-05-22T04:31:48.618510
T-shirt 608,7047840,4.6,3,L,Women,2025-05-22T04:31:48.618564
Hoodie 609,2956320,4.1,3,XL,Unisex,2025-05-22T04:31:48.618618
Pants 610,4515360,3.3,3,XXL,Men,2025-05-22T04:31:48.618795
Jacket 612,3202720,3.1,3,M,Unisex,2025-05-22T04:31:48.618903
Crewneck 613,1013920,3.6,3,L,Men,2025-05-22T04:31:48.618956
T-shirt 614,2428160,3.1,3,XL,Women,2025-05-22T04:31:48.619009
Hoodie 615,4798720,4.8,3,XXL,Unisex,2025-05-22T04:31:48.619063
Outerwear 617,1765920,4.3,3,M,Women,2025-05-22T04:31:48.619172
Jacket 618,6474080,3.3,3,L,Unisex,2025-05-22T04:31:48.619225
Crewneck 619,8340639,4.4,3,XL,Men,2025-05-22T04:31:48.619283
T-shirt 620,2270240,3.3,3,XXL,Women,2025-05-22T04:31:48.619336
Pants 622,4849600,3.5,3,M,Men,2025-05-22T04:31:48.711630
Outerwear 623,7299520,4.6,3,L,Women,2025-05-22T04:31:48.711687
Jacket 624,6943200,3.9,3,XL,Unisex,2025-05-22T04:31:48.711742
Crewneck 625,7826400,4.1,3,XXL,Men,2025-05-22T04:31:48.711798
T-shirt 626,7777440,4.5,3,S,Women,2025-05-22T04:31:48.711913
Hoodie 627,1232320,3.2,3,M,Unisex,2025-05-22T04:31:48.712006
Pants 628,8113120,4.3,3,L,Men,2025-05-22T04:31:48.712065
Outerwear 629,3997920,4.4,3,XL,Women,2025-05-22T04:31:48.712121
Jacket 630,1003680,3.8,3,XXL,Unisex,2025-05-22T04:31:48.712175
T-shirt 632,4314240,3.6,3,M,Women,2025-05-22T04:31:48.712282
Hoodie 633,3128000,3.1,3,L,Unisex,2025-05-22T04:31:48.712337
Pants 634,8535680,3.9,3,XL,Men,2025-05-22T04:31:48.712513
Outerwear 635,6897120,4.1,3,XXL,Women,2025-05-22T04:31:48.712568
Jacket 636,3476320,4.5,3,S,Unisex,2025-05-22T04:31:48.712621
Crewneck 637,6030240,4.0,3,M,Men,2025-05-22T04:31:48.712674
T-shirt 638,5220960,4.6,3,L,Women,2025-05-22T04:31:48.712727
Hoodie 639,6782720,4.7,3,XL,Unisex,2025-05-22T04:31:48.712781
Pants 640,3038560,3.8,3,XXL,Men,2025-05-22T04:31:48.712834
Jacket 642,7747360,4.7,3,M,Unisex,2025-05-22T04:31:48.796888
Crewneck 643,6116000,3.2,3,L,Men,2025-05-22T04:31:48.796948
T-shirt 644,7479360,4.2,3,XL,Women,2025-05-22T04:31:48.797005
Hoodie 645,3285440,3.3,3,XXL,Unisex,2025-05-22T04:31:48.797060
Outerwear 647,4304960,3.8,3,M,Women,2025-05-22T04:31:48.797176
Jacket 648,8699520,4.5,3,L,Unisex,2025-05-22T04:31:48.797231
Crewneck 649,8588160,3.2,3,XL,Men,2025-05-22T04:31:48.797286
T-shirt 650,8012800,3.4,3,XXL,Women,2025-05-22T04:31:48.797342
Pants 652,6084960,3.3,3,M,Men,2025-05-22T04:31:48.797451
Outerwear 653,2622080,4.0,3,L,Women,2025-05-22T04:31:48.797506
Jacket 654,4089440,4.7,3,XL,Unisex,2025-05-22T04:31:48.797590
Crewneck 655,1834240,4.1,3,XXL,Men,2025-05-22T04:31:48.797764
T-shirt 656,2538720,4.2,3,S,Women,2025-05-22T04:31:48.797896
Hoodie 657,8459040,4.8,3,M,Unisex,2025-05-22T04:31:48.797970
Pants 658,6268320,3.8,3,L,Men,2025-05-22T04:31:48.798026
Outerwear 659,1817920,3.3,3,XL,Women,2025-05-22T04:31:48.798082
Jacket 660,8715200,3.5,3,XXL,Unisex,2025-05-22T04:31:48.798137
T-shirt 662,1422720,4.5,3,M,Women,2025-05-22T04:31:48.894085
Hoodie 663,7087200,4.0,3,L,Unisex,2025-05-22T04:31:48.894145
Pants 664,8248639,3.5,3,XL,Men,2025-05-22T04:31:48.894203
Outerwear 665,4033600,3.2,3,XXL,Women,2025-05-22T04:31:48.894270
Jacket 666,4844000,3.9,3,S,Unisex,2025-05-22T04:31:48.894328
Crewneck 667,1756640,3.7,3,M,Men,2025-05-22T04:31:48.894385
T-shirt 668,5044640,3.7,3,L,Women,2025-05-22T04:31:48.894442
Hoodie 669,2346080,3.3,3,XL,Unisex,2025-05-22T04:31:48.894497
Pants 670,8406720,4.8,3,XXL,Men,2025-05-22T04:31:48.894553
Jacket 672,4776160,4.5,3,M,Unisex,2025-05-22T04:31:48.894663
Crewneck 673,2803360,4.7,3,L,Men,2025-05-22T04:31:48.894718
T-shirt 674,3156640,3.1,3,XL,Women,2025-05-22T04:31:48.894775
Hoodie 675,4314880,3.2,3,XXL,Unisex,2025-05-22T04:31:48.894829
Outerwear 677,4657440,3.3,3,M,Women,2025-05-22T04:31:48.894940
Jacket 678,2777120,4.3,3,L,Unisex,2025-05-22T04:31:48.894995
Crewneck 679,6373120,3.2,3,XL,Men,2025-05-22T04:31:48.895050
T-shirt 680,8164800,3.2,3,XXL,Women,2025-05-22T04:31:48.895105
Pants 682,7616480,3.9,3,M,Men,2025-05-22T04:31:49.015257
Outerwear 683,3907360,3.6,3,L,Women,2025-05-22T04:31:49.015318
Jacket 684,7102560,3.5,3,XL,Unisex,2025-05-22T04:31:49.015375
Crewneck 685,1495840,4.6,3,XXL,Men,2025-05-22T04:31:49.015433
T-shirt 686,5381760,3.8,3,S,Women,2025-05-22T04:31:49.015489
Hoodie 687,4220800,4.7,3,M,Unisex,2025-05-22T04:31:49.015547
Pants 688,1487520,4.4,3,L,Men,2025-05-22T04:31:49.015604
Outerwear 689,1939040,4.6,3,XL,Women,2025-05-22T04:31:49.015661
Jacket 690,8782560,4.7,3,XXL,Unisex,2025-05-22T04:31:49.015717
T-shirt 692,1416480,4.1,3,M,Women,2025-05-22T04:31:49.015828
Hoodie 693,3031680,4.1,3,L,Unisex,2025-05-22T04:31:49.015883
Pants 694,2466720,3.4,3,XL,Men,2025-05-22T04:31:49.015937
Outerwear 695,959360,3.3,3,XXL,Women,2025-05-22T04:31:49.015993
Jacket 696,5146240,4.2,3,S,Unisex,2025-05-22T04:31:49.016048
Crewneck 697,6545120,5.0,3,M,Men,2025-05-22T04:31:49.016102
T-shirt 698,2444960,4.1,3,L,Women,2025-05-22T04:31:49.016156
Hoodie 699,5250240,4.5,3,XL,Unisex,2025-05-22T04:31:49.016211
Pants 700,3526560,4.3,3,XXL,Men,2025-05-22T04:31:49.016266
Jacket 702,4927680,4.3,3,M,Unisex,2025-05-22T04:31:49.092349
Crewneck 703,2949120,4.2,3,L,Men,2025-05-22T04:31:49.092408
T-shirt 704,6214240,4.1,3,XL,Women,2025-05-22T04:31:49.092465
Hoodie 705,3042880,3.1,3,XXL,Unisex,2025-05-22T04:31:49.092520
Outerwear 707,7746240,4.4,3,M,Women,2025-05-22T04:31:49.092637
Jacket 708,8541280,4.3,3,L,Unisex,2025-05-22T04:31:49.092694
Crewneck 709,7022400,3.9,3,XL,Men,2025-05-22T04:31:49.092752
T-shirt 710,3751520,3.2,3,XXL,Women,2025-05-22T04:31:49.092807
Pants 712,1510400,4.1,3,M,Men,2025-05-22T04:31:49.092914
Outerwear 713,3142880,4.4,3,L,Women,2025-05-22T04:31:49.092968
Jacket 714,892320,3.1,3,XL,Unisex,2025-05-22T04:31:49.093022
Crewneck 715,7021760,3.9,3,XXL,Men,2025-05-22T04:31:49.093075
T-shirt 716,3602560,4.9,3,S,Women,2025-05-22T04:31:49.093128
Hoodie 717,1532800,3.6,3,M,Unisex,2025-05-22T04:31:49.093182
Pants 718,4057120,3.2,3,L,Men,2025-05-22T04:31:49.093235
Outerwear 719,3172960,4.7,3,XL,Women,2025-05-22T04:31:49.093289
Jacket 720,2028320,3.8,3,XXL,Unisex,2025-05-22T04:31:49.093343
T-shirt 722,8724320,3.2,3,M,Women,2025-05-22T04:31:49.181079
Hoodie 723,5664800,3.4,3,L,Unisex,2025-05-22T04:31:49.181137
Pants 724,4824800,4.7,3,XL,Men,2025-05-22T04:31:49.181191
Outerwear 725,4979200,3.0,3,XXL,Women,2025-05-22T04:31:49.181244
Jacket 726,6345920,3.5,3,S,Unisex,2025-05-22T04:31:49.181298
Crewneck 727,4024000,4.8,3,M,Men,2025-05-22T04:31:49.181351
T-shirt 728,8173440,3.0,3,L,Women,2025-05-22T04:31:49.181405
Hoodie 729,6431360,3.6,3,XL,Unisex,2025-05-22T04:31:49.181459
Pants 730,7228800,4.5,3,XXL,Men,2025-05-22T04:31:49.181513
Jacket 732,6597600,3.9,3,M,Unisex,2025-05-22T04:31:49.181619
Crewneck 733,1162880,4.7,3,L,Men,2025-05-22T04:31:49.181671
T-shirt 734,6858560,4.2,3,XL,Women,2025-05-22T04:31:49.181725
Hoodie 735,4664320,4.0,3,XXL,Unisex,2025-05-22T04:31:49.181778
Outerwear 737,1015680,4.7,3,M,Women,2025-05-22T04:31:49.181886
Jacket 738,1893920,3.7,3,L,Unisex,2025-05-22T04:31:49.181939
Crewneck 739,8072960,3.3,3,XL,Men,2025-05-22T04:31:49.181991
T-shirt 740,7016640,3.4,3,XXL,Women,2025-05-22T04:31:49.182043
Pants 742,5626080,3.6,3,M,Men,2025-05-22T04:31:49.293256
Outerwear 743,5678080,3.0,3,L,Women,2025-05-22T04:31:49.293319
Jacket 744,5175680,4.1,3,XL,Unisex,2025-05-22T04:31:49.293384
Crewneck 745,2882560,3.8,3,XXL,Men,2025-05-22T04:31:49.293441
T-shirt 746,1517440,5.0,3,S,Women,2025-05-22T04:31:49.293495
Hoodie 747,6326880,4.7,3,M,Unisex,2025-05-22T04:31:49.293549
Pants 748,3134080,3.7,3,L,Men,2025-05-22T04:31:49.293609
Outerwear 749,2627360,3.2,3,XL,Women,2025-05-22T04:31:49.293662
Jacket 750,1030400,3.7,3,XXL,Unisex,2025-05-22T04:31:49.293722
T-shirt 752,7431520,3.8,3,M,Women,2025-05-22T04:31:49.293831
Hoodie 753,8137600,4.8,3,L,Unisex,2025-05-22T04:31:49.293889
Pants 754,7229760,3.1,3,XL,Men,2025-05-22T04:31:49.293946
Outerwear 755,6910400,4.6,3,XXL,Women,2025-05-22T04:31:49.294000
Jacket 756,7128000,3.1,3,S,Unisex,2025-05-22T04:31:49.294052
Crewneck 757,7582720,4.4,3,M,Men,2025-05-22T04:31:49.294105
T-shirt 758,6025920,3.1,3,L,Women,2025-05-22T04:31:49.294158
Hoodie 759,2779840,4.7,3,XL,Unisex,2025-05-22T04:31:49.294210
Pants 760,2191040,4.1,3,XXL,Men,2025-05-22T04:31:49.294263
Jacket 762,4091840,4.9,3,M,Unisex,2025-05-22T04:31:49.413201
Crewneck 763,5792640,3.9,3,L,Men,2025-05-22T04:31:49.413258
T-shirt 764,7211680,3.4,3,XL,Women,2025-05-22T04:31:49.413314
Hoodie 765,1343360,4.9,3,XXL,Unisex,2025-05-22T04:31:49.413369
Outerwear 767,4152800,4.5,3,M,Women,2025-05-22T04:31:49.413480
Jacket 768,5662080,4.9,3,L,Unisex,2025-05-22T04:31:49.413535
Crewneck 769,6294560,3.3,3,XL,Men,2025-05-22T04:31:49.413588
T-shirt 770,1655040,3.5,3,XXL,Women,2025-05-22T04:31:49.413641
Pants 772,8748160,3.4,3,M,Men,2025-05-22T04:31:49.413747
Outerwear 773,3393600,3.2,3,L,Women,2025-05-22T04:31:49.413800
Jacket 774,1485760,4.1,3,XL,Unisex,2025-05-22T04:31:49.413852
Crewneck 775,8189440,3.1,3,XXL,Men,2025-05-22T04:31:49.413905
T-shirt 776,5333120,3.7,3,S,Women,2025-05-22T04:31:49.413959
Hoodie 777,6104800,3.4,3,M,Unisex,2025-05-22T04:31:49.414011
Pants 778,6034720,4.2,3,L,Men,2025-05-22T04:31:49.414063
Outerwear 779,5816480,3.2,3,XL,Women,2025-05-22T04:31:49.414116
Jacket 780,2767520,3.4,3,XXL,Unisex,2025-05-22T04:31:49.414169
T-shirt 782,4117439,4.5,3,M,Women,2025-05-22T04:31:49.513805
Hoodie 783,2510720,3.0,3,L,Unisex,2025-05-22T04:31:49.513863
Pants 784,5341280,3.0,3,XL,Men,2025-05-22T04:31:49.513918
Outerwear 785,6444480,4.3,3,XXL,Women,2025-05-22T04:31:49.513999
Jacket 786,6749280,5.0,3,S,Unisex,2025-05-22T04:31:49.514065
Crewneck 787,4593600,4.7,3,M,Men,2025-05-22T04:31:49.514126
T-shirt 788,3041120,4.7,3,L,Women,2025-05-22T04:31:49.514179
Hoodie 789,2153280,4.0,3,XL,Unisex,2025-05-22T04:31:49.514233
Pants 790,1708320,3.2,3,XXL,Men,2025-05-22T04:31:49.514286
Jacket 792,4068960,3.8,3,M,Unisex,2025-05-22T04:31:49.514392
Crewneck 793,8650080,4.0,3,L,Men,2025-05-22T04:31:49.514445
T-shirt 794,5983040,4.0,3,XL,Women,2025-05-22T04:31:49.514499
Hoodie 795,4209600,3.9,3,XXL,Unisex,2025-05-22T04:31:49.514551
Outerwear 797,2771360,4.9,3,M,Women,2025-05-22T04:31:49.514661
Jacket 798,4391040,3.4,3,L,Unisex,2025-05-22T04:31:49.514714
Crewneck 799,4048800,4.2,3,XL,Men,2025-05-22T04:31:49.514766
T-shirt 800,7433280,4.6,3,XXL,Women,2025-05-22T04:31:49.514819
Pants 802,5710240,4.4,3,M,Men,2025-05-22T04:31:49.617855
Outerwear 803,1875360,4.3,3,L,Women,2025-05-22T04:31:49.617914
Jacket 804,4459040,3.9,3,XL,Unisex,2025-05-22T04:31:49.617971
Crewneck 805,3266720,4.8,3,XXL,Men,2025-05-22T04:31:49.618025
T-shirt 806,7310560,3.0,3,S,Women,2025-05-22T04:31:49.618078
Hoodie 807,5016000,4.7,3,M,Unisex,2025-05-22T04:31:49.618132
Pants 808,8717760,3.2,3,L,Men,2025-05-22T04:31:49.618185
Outerwear 809,7162560,3.7,3,XL,Women,2025-05-22T04:31:49.618238
Jacket 810,3796640,4.8,3,XXL,Unisex,2025-05-22T04:31:49.618308
T-shirt 812,6406080,4.2,3,M,Women,2025-05-22T04:31:49.618414
Hoodie 813,4872800,5.0,3,L,Unisex,2025-05-22T04:31:49.618467
Pants 814,1110080,4.7,3,XL,Men,2025-05-22T04:31:49.618520
Outerwear 815,5985440,4.8,3,XXL,Women,2025-05-22T04:31:49.618573
Jacket 816,1649120,4.5,3,S,Unisex,2025-05-22T04:31:49.618626
Crewneck 817,8744160,4.4,3,M,Men,2025-05-22T04:31:49.618679
T-shirt 818,5160320,3.8,3,L,Women,2025-05-22T04:31:49.618735
Hoodie 819,4742400,4.7,3,XL,Unisex,2025-05-22T04:31:49.618788
Pants 820,6030720,3.4,3,XXL,Men,2025-05-22T04:31:49.618840
Jacket 822,838240,4.2,3,M,Unisex,2025-05-22T04:31:49.721289
Crewneck 823,6103520,4.7,3,L,Men,2025-05-22T04:31:49.721346
T-shirt 824,3301440,4.1,3,XL,Women,2025-05-22T04:31:49.721406
Hoodie 825,1058400,3.8,3,XXL,Unisex,2025-05-22T04:31:49.721461
Outerwear 827,7091040,4.8,3,M,Women,2025-05-22T04:31:49.721604
Jacket 828,2324000,4.6,3,L,Unisex,2025-05-22T04:31:49.721658
Crewneck 829,4630400,4.4,3,XL,Men,2025-05-22T04:31:49.721711
T-shirt 830,4496480,3.0,3,XXL,Women,2025-05-22T04:31:49.721765
Pants 832,3955360,4.6,3,M,Men,2025-05-22T04:31:49.721872
Outerwear 833,7101280,3.0,3,L,Women,2025-05-22T04:31:49.721925
Jacket 834,7223680,3.1,3,XL,Unisex,2025-05-22T04:31:49.721978
Crewneck 835,7143360,3.9,3,XXL,Men,2025-05-22T04:31:49.722030
T-shirt 836,6065440,4.1,3,S,Women,2025-05-22T04:31:49.722082
Hoodie 837,5532640,5.0,3,M,Unisex,2025-05-22T04:31:49.722135
Pants 838,2848800,3.1,3,L,Men,2025-05-22T04:31:49.722188
Outerwear 839,4208320,3.9,3,XL,Women,2025-05-22T04:31:49.722241
Jacket 840,8164640,3.6,3,XXL,Unisex,2025-05-22T04:31:49.722296
T-shirt 842,2859040,3.3,3,M,Women,2025-05-22T04:31:49.814991
Hoodie 843,2997120,3.6,3,L,Unisex,2025-05-22T04:31:49.815047
Pants 844,7422880,3.9,3,XL,Men,2025-05-22T04:31:49.815105
Outerwear 845,2023200,3.2,3,XXL,Women,2025-05-22T04:31:49.815158
Jacket 846,7480480,3.6,3,S,Unisex,2025-05-22T04:31:49.815212
Crewneck 847,4789920,3.7,3,M,Men,2025-05-22T04:31:49.815267
T-shirt 848,6134240,4.1,3,L,Women,2025-05-22T04:31:49.815320
Hoodie 849,7816160,3.5,3,XL,Unisex,2025-05-22T04:31:49.815373
Pants 850,4144160,4.2,3,XXL,Men,2025-05-22T04:31:49.815426
Jacket 852,2777280,4.1,3,M,Unisex,2025-05-22T04:31:49.815532
Crewneck 853,2643840,3.4,3,L,Men,2025-05-22T04:31:49.815584
T-shirt 854,1600000,4.5,3,XL,Women,2025-05-22T04:31:49.815636
Hoodie 855,3249760,5.0,3,XXL,Unisex,2025-05-22T04:31:49.815689
Outerwear 857,4532800,3.0,3,M,Women,2025-05-22T04:31:49.815796
Jacket 858,3748640,3.7,3,L,Unisex,2025-05-22T04:31:49.815849
Crewneck 859,6418560,3.0,3,XL,Men,2025-05-22T04:31:49.815902
T-shirt 860,2419360,4.7,3,XXL,Women,2025-05-22T04:31:49.815955
Pants 862,4131359,3.3,3,M,Men,2025-05-22T04:31:49.916895
Outerwear 863,1071360,4.0,3,L,Women,2025-05-22T04:31:49.916951
Jacket 864,2168000,4.5,3,XL,Unisex,2025-05-22T04:31:49.917005
Crewneck 865,6805120,3.9,3,XXL,Men,2025-05-22T04:31:49.917067
T-shirt 866,2399040,3.2,3,S,Women,2025-05-22T04:31:49.917121
Hoodie 867,1303840,3.3,3,M,Unisex,2025-05-22T04:31:49.917174
Pants 868,7473760,4.6,3,L,Men,2025-05-22T04:31:49.917227
Outerwear 869,6040320,4.5,3,XL,Women,2025-05-22T04:31:49.917280
Jacket 870,6395040,3.5,3,XXL,Unisex,2025-05-22T04:31:49.917333
T-shirt 872,1343680,4.3,3,M,Women,2025-05-22T04:31:49.917439
Hoodie 873,8321600,4.8,3,L,Unisex,2025-05-22T04:31:49.917493
Pants 874,2755200,4.4,3,XL,Men,2025-05-22T04:31:49.917551
Outerwear 875,2506720,4.6,3,XXL,Women,2025-05-22T04:31:49.917609
Jacket 876,3225760,4.6,3,S,Unisex,2025-05-22T04:31:49.917661
Crewneck 877,4552640,4.6,3,M,Men,2025-05-22T04:31:49.917713
T-shirt 878,4809760,4.7,3,L,Women,2025-05-22T04:31:49.917765
Hoodie 879,1026880,3.1,3,XL,Unisex,2025-05-22T04:31:49.917817
Pants 880,6497760,4.3,3,XXL,Men,2025-05-22T04:31:49.917869
Jacket 882,6420960,3.3,3,M,Unisex,2025-05-22T04:31:50.018998
Crewneck 883,5901120,3.6,3,L,Men,2025-05-22T04:31:50.019055
T-shirt 884,7414720,4.3,3,XL,Women,2025-05-22T04:31:50.019110
Hoodie 885,4760640,3.4,3,XXL,Unisex,2025-05-22T04:31:50.019165
Outerwear 887,7806400,3.8,3,M,Women,2025-05-22T04:31:50.019276
Jacket 888,7869280,4.2,3,L,Unisex,2025-05-22T04:31:50.019329
Crewneck 889,6333920,4.6,3,XL,Men,2025-05-22T04:31:50.019384
T-shirt 890,6439040,4.7,3,XXL,Women,2025-05-22T04:31:50.019439
Pants 892,8515360,4.4,3,M,Men,2025-05-22T04:31:50.019548
Outerwear 893,2673600,3.2,3,L,Women,2025-05-22T04:31:50.019603
Jacket 894,2946560,4.8,3,XL,Unisex,2025-05-22T04:31:50.019656
Crewneck 895,1126720,4.3,3,XXL,Men,2025-05-22T04:31:50.019710
T-shirt 896,7873760,4.9,3,S,Women,2025-05-22T04:31:50.019762
Hoodie 897,6077920,3.1,3,M,Unisex,2025-05-22T04:31:50.019815
Pants 898,8408640,4.1,3,L,Men,2025-05-22T04:31:50.019868
Outerwear 899,6192960,4.8,3,XL,Women,2025-05-22T04:31:50.019921
Jacket 900,7214240,3.3,3,XXL,Unisex,2025-05-22T04:31:50.019975
T-shirt 902,3164000,3.6,3,M,Women,2025-05-22T04:31:50.118693
Hoodie 903,2617920,4.1,3,L,Unisex,2025-05-22T04:31:50.118751
Pants 904,3356320,3.9,3,XL,Men,2025-05-22T04:31:50.118806
Outerwear 905,5027840,4.9,3,XXL,Women,2025-05-22T04:31:50.118859
Jacket 906,4301760,3.9,3,S,Unisex,2025-05-22T04:31:50.118912
Crewneck 907,8732640,4.9,3,M,Men,2025-05-22T04:31:50.118965
T-shirt 908,7954880,4.2,3,L,Women,2025-05-22T04:31:50.119018
Hoodie 909,8383840,3.6,3,XL,Unisex,2025-05-22T04:31:50.119071
Pants 910,2395200,4.7,3,XXL,Men,2025-05-22T04:31:50.119124
Jacket 912,7853280,4.9,3,M,Unisex,2025-05-22T04:31:50.119231
Crewneck 913,3222240,3.5,3,L,Men,2025-05-22T04:31:50.119284
T-shirt 914,5799200,4.6,3,XL,Women,2025-05-22T04:31:50.119337
Hoodie 915,2649120,4.2,3,XXL,Unisex,2025-05-22T04:31:50.119391
Outerwear 917,6061600,4.0,3,M,Women,2025-05-22T04:31:50.119500
Jacket 918,5380800,3.3,3,L,Unisex,2025-05-22T04:31:50.119552
Crewneck 919,8364000,4.7,3,XL,Men,2025-05-22T04:31:50.119605
T-shirt 920,3706080,3.2,3,XXL,Women,2025-05-22T04:31:50.119657
Pants 922,1210880,4.4,3,M,Men,2025-05-22T04:31:50.209021
Outerwear 923,2435840,3.7,3,L,Women,2025-05-22T04:31:50.209079
Jacket 924,3764320,3.8,3,XL,Unisex,2025-05-22T04:31:50.209133
Crewneck 925,7900800,4.5,3,XXL,Men,2025-05-22T04:31:50.209187
T-shirt 926,1911040,4.6,3,S,Women,2025-05-22T04:31:50.209240
Hoodie 927,7706400,3.5,3,M,Unisex,2025-05-22T04:31:50.209293
Pants 928,3911680,3.4,3,L,Men,2025-05-22T04:31:50.209347
Outerwear 929,1253440,3.3,3,XL,Women,2025-05-22T04:31:50.209400
Jacket 930,1741120,4.9,3,XXL,Unisex,2025-05-22T04:31:50.209454
T-shirt 932,5937600,4.2,3,M,Women,2025-05-22T04:31:50.209560
Hoodie 933,4960800,3.4,3,L,Unisex,2025-05-22T04:31:50.209613
Pants 934,2248160,3.6,3,XL,Men,2025-05-22T04:31:50.209667
Outerwear 935,6048000,4.1,3,XXL,Women,2025-05-22T04:31:50.209721
Jacket 936,6165440,3.1,3,S,Unisex,2025-05-22T04:31:50.209775
Crewneck 937,2475360,4.1,3,M,Men,2025-05-22T04:31:50.209827
T-shirt 938,4058400,3.6,3,L,Women,2025-05-22T04:31:50.209880
Hoodie 939,4466080,4.8,3,XL,Unisex,2025-05-22T04:31:50.209933
Pants 940,5776000,3.7,3,XXL,Men,2025-05-22T04:31:50.209985
Jacket 942,7972960,3.0,3,M,Unisex,2025-05-22T04:31:50.305933
Crewneck 943,4571040,4.4,3,L,Men,2025-05-22T04:31:50.305991
T-shirt 944,1578240,4.6,3,XL,Women,2025-05-22T04:31:50.306053
Hoodie 945,2107680,4.2,3,XXL,Unisex,2025-05-22T04:31:50.306107
Outerwear 947,7079680,4.6,3,M,Women,2025-05-22T04:31:50.306217
Jacket 948,4600480,3.9,3,L,Unisex,2025-05-22T04:31:50.306269
Crewneck 949,1844320,4.4,3,XL,Men,2025-05-22T04:31:50.306323
T-shirt 950,7691680,4.9,3,XXL,Women,2025-05-22T04:31:50.306376
Pants 952,7155040,3.7,3,M,Men,2025-05-22T04:31:50.306526
Outerwear 953,8423200,3.8,3,L,Women,2025-05-22T04:31:50.306579
Jacket 954,3878720,4.1,3,XL,Unisex,2025-05-22T04:31:50.306632
Crewneck 955,7006560,4.7,3,XXL,Men,2025-05-22T04:31:50.306687
T-shirt 956,4457600,3.1,3,S,Women,2025-05-22T04:31:50.306739
Hoodie 957,4024320,4.4,3,M,Unisex,2025-05-22T04:31:50.306791
Pants 958,3946240,4.8,3,L,Men,2025-05-22T04:31:50.306843
Outerwear 959,6828480,4.6,3,XL,Women,2025-05-22T04:31:50.306896
Jacket 960,5840160,4.5,3,XXL,Unisex,2025-05-22T04:31:50.306948
T-shirt 962,2887840,4.1,3,M,Women,2025-05-22T04:31:50.403076
Hoodie 963,7916160,4.6,3,L,Unisex,2025-05-22T04:31:50.403145
Pants 964,3885280,3.3,3,XL,Men,2025-05-22T04:31:50.403202
Outerwear 965,3107200,4.5,3,XXL,Women,2025-05-22T04:31:50.403257
Jacket 966,8499520,4.9,3,S,Unisex,2025-05-22T04:31:50.403310
Crewneck 967,1744000,3.5,3,M,Men,2025-05-22T04:31:50.403364
T-shirt 968,4045120,4.4,3,L,Women,2025-05-22T04:31:50.403418
Hoodie 969,4231840,3.8,3,XL,Unisex,2025-05-22T04:31:50.403471
Pants 970,952960,4.6,3,XXL,Men,2025-05-22T04:31:50.403524
Jacket 972,7272000,4.4,3,M,Unisex,2025-05-22T04:31:50.403640
Crewneck 973,7134400,3.9,3,L,Men,2025-05-22T04:31:50.403694
T-shirt 974,4769280,3.0,3,XL,Women,2025-05-22T04:31:50.403752
Hoodie 975,4816000,3.6,3,XXL,Unisex,2025-05-22T04:31:50.403804
Outerwear 977,3356000,3.6,3,M,Women,2025-05-22T04:31:50.403914
Jacket 978,3918240,3.6,3,L,Unisex,2025-05-22T04:31:50.403967
Crewneck 979,4848480,3.4,3,XL,Men,2025-05-22T04:31:50.404020
T-shirt 980,6544000,3.1,3,XXL,Women,2025-05-22T04:31:50.404072
Pants 982,7281760,4.9,3,M,Men,2025-05-22T04:31:50.509739
Outerwear 983,5762560,3.2,3,L,Women,2025-05-22T04:31:50.509796
Jacket 984,7349440,3.8,3,XL,Unisex,2025-05-22T04:31:50.509850
Crewneck 985,6236000,4.3,3,XXL,Men,2025-05-22T04:31:50.509902
T-shirt 986,6713760,4.5,3,S,Women,2025-05-22T04:31:50.509955
Hoodie 987,4008000,4.7,3,M,Unisex,2025-05-22T04:31:50.510009
Pants 988,2054239,3.5,3,L,Men,2025-05-22T04:31:50.510060
Outerwear 989,6869440,4.2,3,XL,Women,2025-05-22T04:31:50.510112
Jacket 990,3327360,4.2,3,XXL,Unisex,2025-05-22T04:31:50.510165
T-shirt 992,4840480,4.9,3,M,Women,2025-05-22T04:31:50.510279
Hoodie 993,6361920,3.4,3,L,Unisex,2025-05-22T04:31:50.510338
Pants 994,1693760,4.4,3,XL,Men,2025-05-22T04:31:50.510391
Outerwear 995,8046720,3.2,3,XXL,Women,2025-05-22T04:31:50.510444
Jacket 996,6942400,4.3,3,S,Unisex,2025-05-22T04:31:50.510496
Crewneck 997,5321280,3.9,3,M,Men,2025-05-22T04:31:50.510550
T-shirt 998,908000,4.2,3,L,Women,2025-05-22T04:31:50.510603
Hoodie 999,8534240,4.8,3,XL,Unisex,2025-05-22T04:31:50.510655
Pants 1000,2938240,4.7,3,XXL,Men,2025-05-22T04:31:50.510707
